Timestamp,User Count,Type,Name,Requests/s,Failures/s,50%,66%,75%,80%,90%,95%,98%,99%,99.9%,99.99%,100%,Total Request Count,Total Failure Count,Total Median Response Time,Total Average Response Time,Total Min Response Time,Total Max Response Time,Total Average Content Size
1746109189,0,,Aggregated,0.000000,0.000000,N/A,N/A,N/A,N/A,N/A,N/A,N/A,N/A,N/A,N/A,N/A,0,0,0,0.0,0,0,0
1746109190,10,,Aggregated,0.000000,0.000000,130,130,140,140,150,150,150,150,150,150,150,10,0,130.0,129.04234001762234,109.18690002290532,151.34040004340932,335774.0
1746109191,20,,Aggregated,0.000000,0.000000,90,110,130,130,140,140,150,150,150,150,150,24,0,89,93.2093083441335,23.179300012998283,151.34040004340932,356291.6666666667
1746109192,30,,Aggregated,0.000000,0.000000,88,92,110,120,130,140,150,150,150,150,150,38,0,87,84.49169474586502,23.179300012998283,151.34040004340932,345568.8157894737
1746109193,40,,Aggregated,10.000000,0.000000,82,90,96,100,130,140,140,150,150,150,150,59,0,82,75.09169322675315,18.362700007855892,151.34040004340932,342269.30508474575
1746109194,50,,Aggregated,12.666667,0.000000,80,89,95,97,120,130,140,150,150,150,150,79,0,80,70.48966582935256,18.362700007855892,151.34040004340932,335387.4810126582
1746109195,60,,Aggregated,14.750000,0.000000,72,83,90,93,110,130,140,140,150,150,150,104,0,72,63.98906635093646,15.552200027741492,151.34040004340932,329392.91346153844
1746109196,70,,Aggregated,15.400000,0.000000,68,84,93,97,120,130,140,140,150,150,150,132,0,68,63.284618943174735,15.552200027741492,151.34040004340932,329958.7727272727
1746109197,90,,Aggregated,17.000000,0.000000,54,80,89,96,110,130,140,140,150,150,150,162,0,44,60.58947469379442,15.552200027741492,151.34040004340932,333728.1296296296
1746109198,100,,Aggregated,18.571429,0.000000,36,80,85,92,110,130,140,140,150,150,150,199,0,36,57.14999698804476,14.724600012414157,151.34040004340932,332177.1859296482
1746109199,110,,Aggregated,20.000000,0.000000,36,76,83,88,110,120,130,140,150,150,150,240,0,36,54.800547918663746,14.724600012414157,151.34040004340932,331540.725
1746109200,120,,Aggregated,21.444444,0.000000,36,75,82,88,110,120,130,140,150,150,150,274,0,36,54.24071350525793,14.724600012414157,151.34040004340932,333119.18248175184
1746109201,130,,Aggregated,23.800000,0.000000,33,69,80,84,100,120,130,140,150,150,150,322,0,33,51.63407205081232,14.724600012414157,151.34040004340932,333855.6801242236
1746109202,140,,Aggregated,26.000000,0.000000,32,65,80,84,100,120,130,140,150,150,150,367,10,32,50.36439291615171,11.136300046928227,151.34040004340932,321765.1171662125
1746109203,150,,Aggregated,28.900000,0.000000,30,54,76,82,97,110,130,130,150,150,150,429,39,30,46.931336830464566,10.2259999839589,151.34040004340932,298193.05361305363
1746109204,160,,Aggregated,32.400000,0.700000,30,57,76,82,97,110,130,140,370,370,370,480,66,30,47.179572916866164,9.626599960029125,365.8405999885872,285338.88958333334
1746109205,170,,Aggregated,36.400000,3.800000,29,54,73,80,95,110,130,130,370,370,370,531,107,29,45.90344124308326,9.626599960029125,365.8405999885872,263532.0527306968
1746109206,180,,Aggregated,39.700000,6.400000,30,55,70,80,95,110,130,130,370,370,370,602,178,30,45.98185199291981,9.626599960029125,365.8405999885872,232495.68438538205
1746109207,190,,Aggregated,42.300000,10.100000,33,60,77,83,100,120,130,160,1100,1100,1100,676,252,33,52.66426863874165,9.626599960029125,1121.894699987024,207086.9023668639
1746109208,200,,Aggregated,45.400000,16.000000,37,63,79,84,100,120,140,170,3100,3100,3100,731,307,37,59.26339644266652,9.626599960029125,3093.453799956478,191534.41039671682
1746109209,210,,Aggregated,49.600000,23.200000,46,64,80,84,100,120,130,170,3100,3100,3100,803,379,46,61.09799613854599,9.626599960029125,3093.453799956478,174394.88169364881
1746109210,220,,Aggregated,52.700000,29.600000,50,66,81,86,100,120,140,190,3100,3100,3100,868,444,50,63.65082499887397,9.626599960029125,3093.453799956478,161363.767281106
1746109211,230,,Aggregated,55.300000,36.700000,51,63,78,84,100,120,130,170,3100,3100,3100,957,533,51,62.73673343684577,9.626599960029125,3093.453799956478,146392.64890282133
1746109212,240,,Aggregated,58.600000,43.200000,52,64,77,83,100,120,140,260,1100,3100,3100,1038,614,52,65.34723304365744,9.626599960029125,3093.453799956478,134998.73217726397
1746109213,250,,Aggregated,62.800000,51.600000,52,62,75,81,99,120,140,370,1100,3100,3100,1118,694,52,66.59255992809238,9.626599960029125,3093.453799956478,125365.76296958856
1746109214,250,,Aggregated,66.000000,59.100000,53,63,75,80,99,120,150,1100,3100,3100,3100,1199,775,53,72.7802666386817,9.626599960029125,3093.453799956478,116922.17347789825
1746109215,250,,Aggregated,68.000000,64.100000,52,61,73,80,98,120,160,1100,3100,3100,3100,1284,860,52,74.54308099671002,9.626599960029125,3093.453799956478,109207.19781931464
1746109216,250,,Aggregated,71.700000,70.300000,52,60,72,78,97,120,170,1100,3100,3100,3100,1362,938,52,75.42143553585497,9.626599960029125,3093.453799956478,102974.97797356828
1746109217,250,,Aggregated,74.200000,74.200000,52,59,70,77,96,120,170,1100,3100,3100,3100,1460,1036,52,75.4662830819143,9.626599960029125,3093.453799956478,96088.54246575343
1746109218,250,,Aggregated,76.400000,76.400000,52,59,69,77,96,120,1000,1100,3100,3100,3100,1545,1121,52,80.70310226552682,9.626599960029125,3093.453799956478,90823.03171521035
1746109219,250,,Aggregated,78.000000,78.000000,52,59,68,77,95,120,1000,1100,3100,3100,3100,1603,1179,52,82.29800417980223,9.626599960029125,3093.453799956478,87550.7835308796
1746109220,250,,Aggregated,81.200000,81.200000,52,59,66,75,94,120,1100,1100,3100,3100,3100,1696,1272,52,83.16194162734801,9.626599960029125,3093.453799956478,82770.86261792453
1746109221,250,,Aggregated,80.200000,80.200000,52,58,65,73,93,120,1100,1100,3100,3100,3100,1783,1359,52,83.34585148613274,9.626599960029125,3093.453799956478,78750.79584969154
1746109222,250,,Aggregated,81.700000,81.700000,52,58,65,73,93,120,1100,1100,3100,3100,3100,1863,1439,52,83.6482914116859,9.626599960029125,3093.453799956478,75385.3655394525
1746109223,250,,Aggregated,81.600000,81.600000,52,58,65,72,93,120,1100,1100,3100,3100,3100,1945,1521,52,87.14418334181356,9.626599960029125,3093.453799956478,72223.19794344473
1746109224,250,,Aggregated,81.800000,81.800000,52,57,64,72,93,120,1100,1100,3100,3100,3100,2018,1594,52,88.29844375604203,9.626599960029125,3093.453799956478,69624.42864222002
1746109225,250,,Aggregated,82.600000,82.600000,52,57,63,71,93,120,1100,1100,3100,3100,3100,2096,1672,52,90.2275304386227,9.626599960029125,3093.453799956478,67047.62166030535
1746109226,250,,Aggregated,80.100000,80.100000,52,57,63,70,92,120,1100,1100,3100,3100,3100,2181,1757,52,90.25473365403673,9.626599960029125,3093.453799956478,64449.50664832645
1746109227,250,,Aggregated,80.800000,80.800000,52,57,62,70,91,120,1100,1100,3100,3100,3100,2260,1836,52,92.01694150420269,9.626599960029125,3093.453799956478,62209.978761061946
1746109228,250,,Aggregated,80.900000,80.900000,52,57,62,68,90,120,1100,1100,3100,3100,3100,2337,1913,52,91.0671015402709,9.626599960029125,3093.453799956478,60172.86649550706
1746109229,250,,Aggregated,80.700000,80.700000,52,57,62,68,89,120,1100,1100,3100,3100,3100,2436,2012,52,90.98917245477773,9.626599960029125,3093.453799956478,57742.981527093594
1746109230,250,,Aggregated,78.300000,78.300000,52,56,61,67,89,120,1100,1100,3100,3100,3100,2511,2087,52,91.80889263234874,9.626599960029125,3093.453799956478,56029.6957387495
1746109231,250,,Aggregated,81.700000,81.700000,52,57,61,67,89,120,1100,1100,3100,3100,3100,2584,2160,52,92.66938815794772,9.626599960029125,3093.453799956478,54457.61184210526
1746109232,250,,Aggregated,81.500000,81.500000,52,56,61,67,89,120,1100,1100,3100,3100,3100,2668,2244,52,94.07504257880696,9.626599960029125,3093.453799956478,52755.03485757121
1746109233,250,,Aggregated,80.300000,80.300000,52,56,61,67,89,120,1100,1100,3100,3100,3100,2749,2325,52,94.4489010186585,9.626599960029125,3093.453799956478,51211.932702801016
1746109234,250,,Aggregated,80.400000,80.400000,52,56,61,66,88,120,1100,1100,3100,3100,3100,2838,2414,52,94.8946544397588,9.626599960029125,3093.453799956478,49617.93093727977
1746109235,250,,Aggregated,79.800000,79.800000,51,56,61,66,87,120,1100,1100,3100,3100,3100,2908,2484,51,93.80532572209816,9.626599960029125,3093.453799956478,48432.76478679505
1746109236,250,,Aggregated,81.300000,81.300000,51,56,61,66,86,120,1100,1100,3100,3100,3100,2992,2568,51,93.37894732619226,9.626599960029125,3093.453799956478,47083.66009358289
1746109237,250,,Aggregated,81.000000,81.000000,51,56,60,65,85,120,1100,1100,3100,3100,3100,3074,2650,51,93.55988959009561,9.626599960029125,3093.453799956478,45837.912491867275
1746109238,250,,Aggregated,81.400000,81.400000,51,56,60,65,85,120,1100,1100,3100,3100,3100,3150,2726,51,93.82243006355277,9.626599960029125,3093.453799956478,44741.143174603174
1746109239,250,,Aggregated,80.300000,80.300000,51,56,60,64,85,120,1100,1100,3100,3100,3100,3236,2812,51,94.2591249073478,9.626599960029125,3093.453799956478,43562.23547589617
1746109240,250,,Aggregated,81.400000,81.400000,51,56,60,64,84,120,1100,1100,3100,3100,3100,3313,2889,51,94.5180674615394,9.626599960029125,3093.453799956478,42558.648958647755
1746109241,250,,Aggregated,79.900000,79.900000,51,56,60,64,84,120,1100,1100,3100,3100,3100,3393,2969,51,95.01817768935506,9.626599960029125,3093.453799956478,41564.22281167109
1746109242,250,,Aggregated,80.500000,80.500000,52,56,59,64,84,120,1100,1100,3100,3100,3100,3471,3047,52,96.76624517427335,9.626599960029125,3093.453799956478,40638.77758571017
1746109243,250,,Aggregated,80.700000,80.700000,52,56,59,64,84,120,1100,1100,3100,3100,3100,3564,3140,52,97.06863465199694,9.626599960029125,3093.453799956478,39588.30471380471
1746109244,250,,Aggregated,80.400000,80.400000,52,56,59,63,83,120,1100,1100,3100,3100,3100,3637,3213,52,97.52557423688647,9.626599960029125,3093.453799956478,38801.32966730822
1746109245,250,,Aggregated,80.100000,80.100000,52,55,59,63,83,120,1100,1100,3100,3100,3100,3723,3299,52,96.73013147999518,9.626599960029125,3093.453799956478,37913.840451248994
1746109246,250,,Aggregated,80.500000,80.500000,52,55,59,62,83,120,1100,1100,3100,3100,3100,3817,3393,52,97.01731750055187,9.626599960029125,3093.453799956478,36989.50510872413
1746109247,250,,Aggregated,81.200000,81.200000,52,55,59,62,82,120,1100,1100,3100,3100,3100,3892,3468,52,96.64543252813695,9.626599960029125,3093.453799956478,36284.053699897224
1746109248,250,,Aggregated,81.100000,81.100000,51,55,59,62,82,120,1100,1100,3100,3100,3100,3963,3539,51,97.09761344931172,9.626599960029125,3093.453799956478,35640.78930103457
1746109249,250,,Aggregated,82.100000,82.100000,51,55,59,62,82,120,1100,1100,3100,3100,3100,4045,3621,51,97.65824402962514,9.626599960029125,3093.453799956478,34926.03881334981
1746109250,250,,Aggregated,81.200000,81.200000,51,55,59,62,82,120,1100,1100,3100,3100,3100,4123,3699,51,97.56003737570155,9.626599960029125,3093.453799956478,34272.50958040262
1746109251,250,,Aggregated,80.900000,80.900000,51,55,59,62,82,120,1100,1100,3100,3100,3100,4198,3774,51,97.69774571216097,9.626599960029125,3093.453799956478,33667.037160552645
1746109252,250,,Aggregated,79.800000,79.800000,51,55,59,62,81,120,1100,1100,3100,3100,3100,4285,3861,51,98.50456466729337,9.626599960029125,3093.453799956478,32991.219136522755
1746109253,250,,Aggregated,78.900000,78.900000,52,55,59,62,81,120,1100,1100,3100,3100,3100,4356,3932,52,98.62098718994274,9.626599960029125,3093.453799956478,32459.73209366391
1746109254,250,,Aggregated,79.500000,79.500000,52,56,59,63,81,120,1100,1100,3100,3100,3100,4438,4014,52,99.70521493905646,9.626599960029125,3093.453799956478,31867.059936908518
1746109255,250,,Aggregated,79.200000,79.200000,52,56,60,64,81,120,1100,1100,3100,3100,3100,4531,4107,52,99.92780282476973,9.626599960029125,3093.453799956478,31220.860295740455
1746109256,250,,Aggregated,78.700000,78.700000,52,56,60,64,81,120,1100,1100,3100,3100,3100,4601,4177,52,101.35402999330448,9.626599960029125,3097.5947999977507,30751.644859813085
1746109257,250,,Aggregated,79.600000,79.600000,52,57,61,65,82,120,1100,1100,3100,3100,3100,4682,4258,52,102.26380670627074,9.626599960029125,3097.5947999977507,30226.208030756086
1746109258,250,,Aggregated,78.600000,78.600000,52,57,61,65,82,120,1100,1100,3100,3100,3100,4765,4341,52,102.04312717713071,9.626599960029125,3097.5947999977507,29706.3462749213
1746109259,250,,Aggregated,78.000000,78.000000,53,57,62,66,82,120,1100,1100,3100,3100,3100,4859,4435,53,102.62219242619203,9.626599960029125,3097.5947999977507,29139.06215270632
1746109260,250,,Aggregated,78.700000,78.700000,53,57,62,66,82,120,1100,1100,3100,3100,3100,4923,4499,53,102.90201027803991,9.626599960029125,3097.5947999977507,28765.199268738575
1746109261,250,,Aggregated,79.900000,79.900000,53,58,62,66,83,120,1100,1100,3100,3100,3100,5012,4588,53,103.1464647044547,9.626599960029125,3097.5947999977507,28261.196727853152
1746109262,250,,Aggregated,80.400000,80.400000,53,58,62,67,83,120,1100,1100,3100,3100,3100,5089,4665,53,103.32664794622197,9.626599960029125,3097.5947999977507,27839.399882098645
1746109263,250,,Aggregated,80.500000,80.500000,53,58,63,67,83,120,1100,1100,3100,3100,3100,5177,4753,53,103.45649515130313,9.626599960029125,3097.5947999977507,27372.68147575816
1746109264,250,,Aggregated,79.700000,79.700000,53,59,63,67,83,120,1100,1100,3100,3100,3100,5257,4833,53,103.66017536585451,9.626599960029125,3097.5947999977507,26961.919916302075
1746109265,250,,Aggregated,80.900000,80.900000,54,59,63,67,83,120,1100,1100,3100,3100,3100,5339,4915,54,103.62893637357129,9.626599960029125,3097.5947999977507,26553.667540737966
1746109266,250,,Aggregated,81.700000,81.700000,54,59,64,68,84,120,1100,1100,3100,3100,3100,5413,4989,54,104.11132460715308,9.626599960029125,3097.5947999977507,26195.875115462775
1746109267,250,,Aggregated,80.500000,80.500000,54,59,64,68,84,130,1100,1100,3100,3100,3100,5487,5063,54,104.35451928166584,9.626599960029125,3097.5947999977507,25847.722434846
1746109268,250,,Aggregated,80.800000,80.800000,54,59,64,68,84,130,1100,1100,3100,3100,3100,5558,5134,54,105.33449456608903,9.626599960029125,3097.5947999977507,25522.405721482548
1746109269,250,,Aggregated,79.900000,79.900000,54,60,65,69,85,130,1100,1100,3100,3100,3100,5655,5231,54,105.99521934542686,9.626599960029125,3097.5947999977507,25091.148364279397
1746109270,250,,Aggregated,78.500000,78.500000,54,60,65,69,85,130,1100,1100,3100,3100,3100,5721,5297,54,106.54780150295237,9.626599960029125,3097.5947999977507,24806.10610033211
1746109271,250,,Aggregated,78.500000,78.500000,54,60,65,69,85,130,1100,1100,3100,3100,3100,5800,5376,54,106.7234205169571,9.626599960029125,3097.5947999977507,24473.42620689655
1746109272,250,,Aggregated,78.300000,78.300000,54,60,65,69,85,130,1100,1100,3100,3100,3100,5889,5464,54,107.28781813517463,9.626599960029125,3097.5947999977507,24170.566310069622
1746109273,250,,Aggregated,79.900000,79.900000,54,60,65,68,84,130,1100,1100,3100,3100,3100,5967,5542,54,107.09082384747757,9.626599960029125,3097.5947999977507,23859.61337355455
1746109274,250,,Aggregated,81.200000,81.100000,54,60,64,68,84,130,1100,1100,3100,3100,3100,6044,5619,54,107.38143770647169,9.626599960029125,3097.5947999977507,23560.52068166777
1746109275,250,,Aggregated,78.700000,78.600000,54,59,64,68,84,130,1100,1100,3100,3100,3100,6133,5708,54,106.90240267370432,9.626599960029125,3097.5947999977507,23224.153106147074
1746109276,250,,Aggregated,78.100000,78.000000,54,59,64,68,84,130,1100,1100,3100,3100,3100,6204,5779,54,107.26635792996476,9.626599960029125,3097.5947999977507,22962.707930367505
1746109277,250,,Aggregated,78.700000,78.600000,54,59,64,68,84,130,1100,1100,3100,21000,21000,6286,5861,54,110.55406713287653,9.626599960029125,21101.189000008162,22668.136334712057
1746109278,250,,Aggregated,79.000000,78.900000,54,59,64,68,83,130,1100,1100,3100,21000,21000,6365,5940,54,110.94210094227971,9.626599960029125,21101.189000008162,22391.540769835035
1746109279,250,,Aggregated,78.600000,78.500000,54,59,64,68,83,130,1100,1100,3100,21000,21000,6453,6028,54,110.92665504378998,9.626599960029125,21101.189000008162,22091.3996590733
1746109280,250,,Aggregated,80.500000,80.400000,54,59,64,67,83,130,1100,1100,3100,21000,21000,6533,6108,54,110.96944267527321,9.626599960029125,21101.189000008162,21825.548599418336
1746109281,250,,Aggregated,79.400000,79.300000,54,59,63,67,83,130,1100,1100,3100,21000,21000,6609,6184,54,111.12029346308069,9.626599960029125,21101.189000008162,21578.964745044635
1746109282,250,,Aggregated,80.100000,80.000000,54,59,63,67,83,130,1100,1100,3100,21000,21000,6694,6269,54,111.4338245291268,9.626599960029125,21101.189000008162,21309.80878398566
1746109283,250,,Aggregated,80.000000,79.900000,54,59,63,67,83,130,1100,1100,3100,21000,21000,6774,6349,54,110.88464719483328,9.626599960029125,21101.189000008162,21062.661499852376
1746109284,250,,Aggregated,79.100000,79.100000,54,59,63,67,83,130,1100,1100,3100,21000,21000,6850,6425,54,110.62722334275396,9.626599960029125,21101.189000008162,20833.20583941606
1746109285,250,,Aggregated,80.900000,80.900000,54,59,63,67,83,130,1100,1100,3100,21000,21000,6922,6497,54,110.76901954606562,9.626599960029125,21101.189000008162,20620.480063565443
1746109286,250,,Aggregated,80.500000,80.500000,54,59,63,67,83,130,1100,1100,3100,21000,21000,7003,6578,54,110.9563221045314,9.626599960029125,21101.189000008162,20386.38811937741
1746109287,250,,Aggregated,79.200000,79.200000,54,58,63,67,83,130,1100,1100,3100,21000,21000,7082,6657,54,110.99752756252853,9.626599960029125,21101.189000008162,20163.245975713075
1746109288,250,,Aggregated,78.100000,78.100000,54,58,63,67,83,140,1100,1100,3100,21000,21000,7170,6745,54,111.95540193831542,9.626599960029125,21101.189000008162,19920.483960948397
1746109289,250,,Aggregated,80.600000,80.600000,54,58,63,67,83,130,1100,1100,3100,21000,21000,7253,6828,54,111.43810745868383,9.626599960029125,21101.189000008162,19696.902247345926
1746109290,250,,Aggregated,79.700000,79.700000,54,59,63,67,83,130,1100,1100,3100,21000,21000,7330,6905,54,111.4894381715801,9.626599960029125,21101.189000008162,19493.990723055933
1746109291,250,,Aggregated,80.000000,80.000000,54,58,63,67,83,130,1100,1100,3100,21000,21000,7411,6986,54,111.53533343647992,9.626599960029125,21101.189000008162,19285.078396977467
1746109292,250,,Aggregated,79.800000,79.800000,54,58,63,67,82,130,1100,1100,3100,21000,21000,7485,7060,54,111.50016547730516,9.626599960029125,21101.189000008162,19098.194121576485
1746109293,250,,Aggregated,79.500000,79.500000,54,58,63,67,82,140,1100,1100,3100,21000,21000,7566,7141,54,111.50750668756554,9.626599960029125,21101.189000008162,18897.81786941581
1746109294,250,,Aggregated,79.200000,79.200000,54,58,63,66,82,130,1100,1100,3100,21000,21000,7653,7228,54,111.12083564590772,9.626599960029125,21101.189000008162,18687.33960538351
1746109295,250,,Aggregated,78.800000,78.800000,54,58,62,66,82,130,1100,1100,3100,21000,21000,7721,7296,54,111.11552095556308,9.626599960029125,21101.189000008162,18526.112938738504
1746109296,250,,Aggregated,79.100000,79.100000,53,58,62,66,82,140,1100,1100,3100,21000,21000,7799,7374,53,111.45355136531145,9.626599960029125,21101.189000008162,18344.639569175535
1746109297,250,,Aggregated,80.100000,80.100000,53,58,62,66,82,140,1100,1100,3100,21000,21000,7885,7460,53,111.44440015192546,9.626599960029125,21101.189000008162,18148.7296131896
1746109298,250,,Aggregated,79.900000,79.900000,53,58,62,66,82,140,1100,1100,3100,21000,21000,7960,7535,53,111.2603561053197,9.626599960029125,21101.189000008162,17981.3216080402
1746109299,250,,Aggregated,79.200000,79.200000,53,58,62,66,81,140,1100,1100,3100,21000,21000,8047,7622,53,111.02447237458513,9.626599960029125,21101.189000008162,17791.03591400522
1746109300,250,,Aggregated,78.400000,78.400000,53,58,62,66,81,130,1100,1100,3100,21000,21000,8123,7698,53,111.07982065721161,9.626599960029125,21101.189000008162,17628.156961713652
1746109301,250,,Aggregated,79.200000,79.200000,53,58,62,66,81,140,1100,1100,3100,21000,21000,8214,7789,53,111.06227941299787,9.626599960029125,21101.189000008162,17437.08765522279
1746109302,250,,Aggregated,79.200000,79.200000,53,58,62,66,81,140,1100,1100,3100,21000,21000,8286,7861,53,111.52885172559887,9.626599960029125,21101.189000008162,17288.900313782284
1746109303,250,,Aggregated,79.400000,79.400000,53,58,62,66,81,140,1100,1100,3100,21000,21000,8373,7948,53,111.39890212568108,9.626599960029125,21101.189000008162,17113.217126477964
1746109304,250,,Aggregated,79.900000,79.900000,53,58,62,66,81,160,1100,1100,3100,21000,21000,8451,8026,53,111.9370786413439,9.626599960029125,21101.189000008162,16958.80262690806
